{"cameraMode":{"drawMode":0,"name":"Shaded","section":"Shading Mode"},"sceneLighting":false,"audioPlay":false,"sceneViewState":{"m_AlwaysRefresh":false,"showFog":true,"showSkybox":false,"showFlares":true,"showImageEffects":true,"showParticleSystems":true,"showVisualEffectGraphs":true,"m_FxEnabled":true},"in2DMode":false,"pivot":{"x":-0.06336774677038193,"y":0.28504449129104617,"z":0.0005816221237182617},"rotation":{"x":0.021423133090138437,"y":-0.26031091809272768,"z":-0.005777960177510977,"w":-0.9653001427650452},"size":0.8660253882408142,"orthographic":false}