{"cameraMode":{"drawMode":0,"name":"Shaded","section":"Shading Mode"},"sceneLighting":false,"audioPlay":false,"sceneViewState":{"m_AlwaysRefresh":false,"showFog":true,"showSkybox":false,"showFlares":true,"showImageEffects":true,"showParticleSystems":true,"showVisualEffectGraphs":true,"m_FxEnabled":true},"in2DMode":false,"pivot":{"x":0.000345379114151001,"y":0.19347570836544038,"z":-0.0000467151403427124},"rotation":{"x":-0.08380493521690369,"y":-0.7021477222442627,"z":0.08382842689752579,"w":-0.7021438479423523},"size":0.6005169153213501,"orthographic":false}